scaffold1_len4660_cov248	473	63	316	3	498	234	139
scaffold2_len2289_cov158	6	211
scaffold3_len3834803_cov273	-402	-258	-323	-324	-489	-39	-313	-314	-118	-53	-299	-46	-307	-154	-300	-400	-219	-64	-233	-200	-179	-229	241	499	-238	-240	-202	-208	-438	-298	-469	-386	-102	-210	-393	-30	-147	-193	-502	143	8	191	-288	-503	65	62	476	171	356	463	-464	-461	-51	158	-27	-104	-285	-383	-146	-192	-142	-500	384	279	253	96	84	350	296	455	41	26	309	424	257	157	306	190	-72	390	-71	-44	415	497	471	310	275	289	312	272	484	48	-468	392	436	297	101	363	467	166	326	-159	376	-59	452	220	-334	-250	-232	-284	-224
scaffold4_len160_cov323_single	19
scaffold5_len251_cov372_single	45
scaffold6_len3378_cov264_single	52
scaffold7_len1263_cov434	61	474	353	465
scaffold8_len448_cov380	252	95
scaffold9_len115_cov225_single	98
scaffold10_len118_cov108_single	99
scaffold11_len106_cov59_single	100
scaffold12_len1907_cov380	109	203	281	466
scaffold13_len352_cov363	485	112	342
scaffold14_len673_cov274_single	122
scaffold15_len2189_cov444	245	184	160	365	352	137	196	379
scaffold16_len126_cov78_single	181
scaffold17_len484_cov430_single	195
scaffold18_len575_cov271	216	280
scaffold19_len195_cov108_single	249
scaffold20_len369_cov205_single	262
scaffold21_len122_cov117_single	336
scaffold22_len121_cov59_single	338
scaffold23_len122_cov68_single	339
scaffold24_len122_cov284_single	340
scaffold25_len122_cov117_single	343
scaffold26_len118_cov78_single	360
scaffold27_len149_cov98_single	361
scaffold28_len106_cov59_single	367
scaffold29_len120_cov68_single	373
scaffold30_len120_cov68_single	374
scaffold31_len121_cov88_single	375
scaffold32_len115_cov293_single	443
scaffold33_len940_cov137_single	495
scaffold34_len565_cov471	43	90	123
scaffold35_len1644_cov537	133	185	172	304	243	182
scaffold36_len121_cov313_single	231
scaffold37_len148_cov333_single	351
scaffold38_len1603_cov255	-228	28	150	125	321	385
scaffold39_len3272_cov326	364	165	346	178	67
scaffold40_len165_cov518_single	261
scaffold41_len512_cov280	481	94
scaffold42_len407_cov411_single	347
scaffold43_len154_cov1761_single	13
scaffold44_len225_cov841_single	42
scaffold45_len1167_cov558_single	49
scaffold46_len151_cov1917_single	50
scaffold47_len369_cov1947_single	60
scaffold48_len185_cov910_single	79
scaffold49_len203_cov1526_single	80
scaffold50_len110_cov978_single	86
scaffold51_len146_cov587_single	87
scaffold52_len390_cov920_single	107
scaffold53_len106_cov616_single	161
scaffold54_len349_cov685_single	162
scaffold55_len106_cov832_single	163
scaffold56_len133_cov567_single	167
scaffold57_len187_cov1467_single	168
scaffold58_len657_cov567_single	183
scaffold59_len145_cov1330_single	186
scaffold60_len110_cov2181_single	187
scaffold61_len202_cov1262_single	207
scaffold62_len123_cov558_single	212
scaffold63_len523_cov1115_single	214
scaffold64_len140_cov1027_single	246
scaffold65_len353_cov1458_single	269
scaffold66_len1047_cov665_single	278
scaffold67_len1811_cov665_single	293
scaffold68_len219_cov695_single	302
scaffold69_len100_cov1399_single	305
scaffold70_len261_cov616_single	327
scaffold71_len1395_cov665_single	328
scaffold72_len327_cov851_single	368
scaffold73_len209_cov1135_single	387
scaffold74_len357_cov792_single	394
scaffold75_len267_cov1233_single	399
scaffold76_len145_cov1692_single	413
scaffold77_len157_cov558_single	428
scaffold78_len181_cov773_single	434
scaffold79_len148_cov1428_single	435
scaffold80_len456_cov920_single	441
scaffold81_len126_cov1643_single	442
scaffold82_len104_cov2661_single	483
scaffold83_len177_cov587_single	487
